{"rmse": 0.881230483260695, "mae": 0.6772229295478137}