{"rmse": 0.88198079854813, "mae": 0.6783082323137384}