{"rmse": 0.8825001640714215, "mae": 0.6790275557854495}