{"rmse": 0.8820240889261496, "mae": 0.6788355075357586}